merqueen23,663dff9d-7f24-41c0-b0ad-709cf4c579de
meltedcornet52,b9b9db67-f457-4b50-9f00-38a26c974780
mr_sniffer,9e8c9b34-16f4-41a6-b828-4892fc1bb9ee
dannyzolp,4bebc652-e3fa-49f6-bf0e-a788283c3b8e
thestormtrooper2,65ca7aeb-66e6-43fc-a4a1-db289329ddf5
weltherrschaft,63aa4994-b190-47a3-abfe-a11dd70492ca
unixkernalpanic,e714017a-fb06-45f3-a2cc-0c75221285da
smolacorn,01c3de44-fca2-4f67-9923-142862c1eb37
thebussdriver,19195e25-593a-4fe1-b47d-6f42827d42b1
natethedonut,6fdee469-a142-4acb-8e93-7b50da540e42
wet_spagetti,60a31e8c-f1d1-4627-a06c-ef26a1b7955b
theazuredone,0cd13742-6594-4ec4-b2a8-2f0e7faa53b3
justerius2,d062f81b-df33-4c6a-859c-60556965f9e1
